{"cameraMode":{"drawMode":0,"name":"Shaded","section":"Shading Mode"},"sceneLighting":false,"audioPlay":false,"sceneViewState":{"m_AlwaysRefresh":false,"showFog":true,"showSkybox":false,"showFlares":true,"showImageEffects":true,"showParticleSystems":true,"showVisualEffectGraphs":true,"m_FxEnabled":true},"in2DMode":false,"pivot":{"x":-11.064000129699707,"y":0.20499999821186067,"z":-6.242000102996826},"rotation":{"x":0.046145983040332797,"y":0.27363669872283938,"z":-0.01314467005431652,"w":0.9606357216835022},"size":0.061724647879600528,"orthographic":false}