{"cameraMode":{"drawMode":0,"name":"Shaded","section":"Shading Mode"},"sceneLighting":true,"audioPlay":false,"sceneViewState":{"m_AlwaysRefresh":false,"showFog":true,"showSkybox":true,"showFlares":true,"showImageEffects":true,"showParticleSystems":true,"showVisualEffectGraphs":true,"m_FxEnabled":true},"in2DMode":false,"pivot":{"x":1455.405029296875,"y":380.43084716796877,"z":-239.73553466796876},"rotation":{"x":0.056856196373701099,"y":0.06285618245601654,"z":-0.0035868079867213966,"w":0.9963963031768799},"size":1140.7232666015625,"orthographic":false}