{"cameraMode":{"drawMode":0,"name":"Shaded","section":"Shading Mode"},"sceneLighting":true,"audioPlay":false,"sceneViewState":{"m_AlwaysRefresh":false,"showFog":true,"showSkybox":true,"showFlares":true,"showImageEffects":true,"showParticleSystems":true,"showVisualEffectGraphs":true,"m_FxEnabled":true},"in2DMode":false,"pivot":{"x":996.9173583984375,"y":504.4573059082031,"z":-8.99627685546875},"rotation":{"x":0.056856196373701099,"y":0.06285618245601654,"z":-0.0035868079867213966,"w":0.9963963031768799},"size":687.6870727539063,"orthographic":true}