{"cameraMode":{"drawMode":0,"name":"Shaded","section":"Shading Mode"},"sceneLighting":true,"audioPlay":false,"sceneViewState":{"m_AlwaysRefresh":false,"showFog":true,"showSkybox":true,"showFlares":true,"showImageEffects":true,"showParticleSystems":true,"showVisualEffectGraphs":true,"m_FxEnabled":true},"in2DMode":false,"pivot":{"x":1.8132145404815674,"y":0.44173669815063479,"z":18.543045043945314},"rotation":{"x":-0.15956835448741914,"y":-0.8343835473060608,"z":0.31406497955322268,"w":-0.4239356219768524},"size":7.431784629821777,"orthographic":false}